[
  {"textForPhoneJoker":"Ich meine etwas im Bezug auf Qualitaet von Netzwerken","answers":["Ein Protokoll auf Layer 2","Maßnahmen zur Qualitsicherung von Netzwerken ","Ein Protokoll auf Layer 4","Ein Flag im IP-Paket Header"],"text":"Was bedeutet Qos im Zusammenhang mit Netzwerken ? ","correctIndex":1, "difficulty": "LOW"},
  {"textForPhoneJoker":"Ich weiß es nicht. ","answers":["Transportschicht","Anwenungsschicht","Vermittlungsschicht ","Bituebertragungsshicht"],"text":"Wie heißt die vierte Schicht des ISO\/OSI Modells ? ","correctIndex":0, "difficulty": "LOW"},
  {"textForPhoneJoker":"SSD ist schon sehr schnell","answers":["SSD","HDD","CACHE","Blue Ray"],"text":"Welcher dieser Datenspeicher ist der schnellste ? ","correctIndex":2, "difficulty": "LOW"},
  {"textForPhoneJoker":"Linux mein Freund ","answers":["Windows","Linux","iOS","OS\/2"],"text":"Welches dieser Betriebssysteme bildet die technische Grundlage fuer Android ? ","correctIndex":1, "difficulty": "LOW"},
  {"textForPhoneJoker":"Ich denke Local Area Network ","answers":["Local Area Network ","Local Async Network ","Large Async Network","Large Area Network"],"text":"Was heißt LAN ausgeschrieben ? ","correctIndex":0, "difficulty": "LOW"},
  {"textForPhoneJoker":"Sorry ich weiß es nicht","answers":["Eine Hardwareadresse","Ein Netzwerkprotokoll","Ein Grafikkartenhersteller","Eine Funkfrequenz"],"text":"Was ist eine MAC Adresse ? ","correctIndex":0, "difficulty": "LOW"},
  {"textForPhoneJoker":"Ich denke HTTP ","answers":["IP","ICMP","TCP","HTTP"],"text":"Welches Protokoll ist auf der Ebene der Anwendungsschicht ? ","correctIndex":3, "difficulty": "LOW"},
  {"textForPhoneJoker":"ich denke B muesste es sein ","answers":["Sicherhheit","zu kleiner IPv4 Adressbereich","Geschwindigkeit","klare Darstellung"],"text":"Was ist der Hauptgrund warum IPv6 eingefuehrt wurde ? ","correctIndex":1, "difficulty": "LOW"},
  {"textForPhoneJoker":"Ich denke D ","answers":["Sicherheit","bessere Kontrollmechanismen","bessere Verfuegbarkeit","Geschwindigkeit"],"text":"Was ist der Vorteil von UDP gegenueber TCP ? ","correctIndex":3, "difficulty": "LOW"},
  {"textForPhoneJoker":"Ich denke B ","answers":["Kupfer","Glasfaser ","Funk","Stromnetzwerk"],"text":"Welches ist das schnellste uebertragungsmedium ? ","correctIndex":1, "difficulty": "LOW"},
  {"textForPhoneJoker":"Ich meine etwas im Bezug auf Qualitaet von Netzwerken","answers":["Um nach anderen Geraete und Diensten zu suchen","Aus Sicherheitsgruenden","Um den Netzwerkverkehr zu quitieren","um eine stehende Verbindung herzustellen"],"text":"Warum verweden Geraete Broadcasts in einem lokalen Netzwerk ?  ","correctIndex":0, "difficulty": "MEDIUM"},
  {"textForPhoneJoker":"Die Groeße der Broadcast-Domain wird erhoeht","answers":["Die Anzahl der Broadcast-Domains wird erhoeht.","Die Groeße der Broadcast-Domain wird erhoeht","Die Anzahl der Kollisionsdomaenen wird reduziert","Die Groeße der Kollisionsdomaene wird erhoeht"],"text":"Was ist das Ergebnis der Verbindung von zwei oder mehr Switches? ","correctIndex":1, "difficulty": "MEDIUM"},
  {"textForPhoneJoker":"fuer das Erstellen von Subnetzen sind die Reduzierung des gesamten Netzwerkverkehrs","answers":["vereinfacht das Netzwerkdesign","verbessert die Netzwerkleistung","Reduzierung der Anzahl der benoetigten Router","Reduzierung der Anzahl der benoetigten Schalter"],"text":" Aus welchen  Grund moechte ein Netzwerkadministrator moeglicherweise Subnetze erstellen ?  ","correctIndex":1, "difficulty": "MEDIUM"},
  {"textForPhoneJoker":"Ich denke 14, weil 2 bereits belegt sind","answers":["16","62","254","14"],"text":"Wenn ein Netzwerkgeraet die Maske /28 hat, wie viele IP-Adressen sind fuer Hosts in diesem Netzwerk verfuegbar? ","correctIndex":3, "difficulty": "MEDIUM"},
  {"textForPhoneJoker":"Ich muss leider passen ","answers":["255.255.255.0","255.255.255.128","255.255.255.224","255.255.255.240"],"text":" Welche Subnetzmaske wuerde verwendet, wenn 5 Hostbits verfuegbar sind? ","correctIndex":2, "difficulty": "MEDIUM"},
  {"textForPhoneJoker":"Sorry ich weiß es nicht","answers":["510","512","1022","1024"],"text":" Wie viele Hostadressen sind im Netzwerk 172.16.128.0 mit einer Subnetzmaske von 255.255.252.0 verfuegbar? ","correctIndex":2, "difficulty": "MEDIUM"},
  {"textForPhoneJoker":"Alle guten Dinge sind 3","answers":["zwei","drei","vier","fuenf"],"text":" Wie viele Bits muessen vom Hostteil einer Adresse ausgeliehen werden, um einen Router mit fuenf verbundenen Netzwerken unterzubringen? ","correctIndex":1, "difficulty": "MEDIUM"},
  {"textForPhoneJoker":"ich denke B muesste es sein ","answers":["2001:DB8:BC15","2001:DB8:BC15:A","2001:DB8:BC15:A:1","2001:DB8:BC15:A:12"],"text":" Wie lautet das Praefix fuer die Hostadresse 2001:DB8:BC15:A:12AB::1/64 ","correctIndex":1, "difficulty": "MEDIUM"},
  {"textForPhoneJoker":"Ich denke D ","answers":["wenn der Router eine ICMP-Time-Exceeded-Nachricht empfaengt","wenn der RTT-Wert Null erreicht","wenn der Host mit einer ICMP Echo Reply Nachricht antwortet","wenn der Wert im TTL-Feld Null erreicht"],"text":"Wann verwirft ein Router ein Traceroute-Paket ","correctIndex":3, "difficulty": "MEDIUM"},
  {"textForPhoneJoker":"Ich denke C ","answers":["Der Host ist richtig verkabelt.","Die Standard-Gateway-Adresse ist richtig konfiguriert.","Die Link-Local-Adresse ist richtig konfiguriert.","IP ist richtig auf dem Host installiert."],"text":"Was wird durch einen erfolgreichen Ping an die ::1 IPv6-Adresse angezeigt? ","correctIndex":3, "difficulty": "MEDIUM"},
  {"textForPhoneJoker":"Sorry keine Ahnung","answers":["uebertragene Datensegmente werden verfolgt.","Zielgeraete empfangen Datenverkehr mit minimaler Verzoegerung.","Der Netzwerkverkehr wirt quitiert","Unbestaetigte Datenpakete werden erneut uebertragen."],"text":"Welches Merkmals ist mit UDP-Sitzungen verbunden? ","correctIndex":1, "difficulty": "HARD"},
  {"textForPhoneJoker":"Der verlorene Teil der FTP-Nachricht wird erneut gesendet","answers":["Die Nachricht geht verloren, weil FTP keine zuverlaessige uebermittlungsmethode verwendet.","Der FTP-Quellhost sendet eine Anfrage an den Zielhost.","Der verlorene Teil der FTP-Nachricht wird erneut gesendet.","Die gesamte FTP-Nachricht wird erneut gesendet."],"text":"Was passiert, wenn ein Teil einer FTP-Nachricht nicht an das Ziel zugestellt wird?","correctIndex":2, "difficulty": "HARD"},
  {"textForPhoneJoker":"registered port","answers":["registered port","private port","dynamic port","source port"],"text":"Welche Art von Port muss bei der IANA angefordert werden, um mit einer bestimmten Anwendung verwendet zu werden?","correctIndex":0, "difficulty": "HARD"},
  {"textForPhoneJoker":"Meiner Meinung nach Ziel- und Quellportnummern.","answers":["logische Ziel- und Quelladressen","physikalische Ziel- und Quelladressen ","Ziel- und Quellportnummern","verschluesselte Bewerbungsdaten  "],"text":"Welche Art von Informationen enthaelt der Transportkopf?","correctIndex":2, "difficulty": "HARD"},
  {"textForPhoneJoker":"0 bis 1023","answers":["0 bis 255 ","0 bis 1023","256 \u2013 1023","1024 \u2013 49151"],"text":"Was ist der vollstaendige Bereich der bekannten TCP- und UDP-Ports","correctIndex":1, "difficulty": "HARD"},
  {"textForPhoneJoker":"die Datenmenge, die das Ziel gleichzeitig verarbeiten kann","answers":["die zu uebertragende Datenmenge","die Anzahl der Dienste, die im TCP-Segment enthalten sind","die Datenmenge, die das Ziel gleichzeitig verarbeiten kann","die Datenmenge, die die Quelle gleichzeitig senden kann"],"text":"Welcher Faktor bestimmt die TCP-Fenstergroeße?","correctIndex":2, "difficulty": "HARD"},
  {"textForPhoneJoker":"Sequenznummern","answers":["Portnummern","Sequenznummern","Bestaetigungsnummern","Fragmentnummern"],"text":"Welche Informationen werden von TCP verwendet, um empfangene Segmente neu zusammenzusetzen und neu anzuordnen?","correctIndex":1, "difficulty": "HARD"},
  {"textForPhoneJoker":"Es sendet nur die Datagramme.","answers":["Es sendet nur die Datagramme.","Es fragt den Server ab, ob er bereit ist, Daten zu empfangen.","Er sendet einen vereinfachten Drei-Wege-Handshake an den Server.","Er sendet ein Segment mit gesetztem SYN-Flag an den Server, um die Konversation zu synchronisieren."],"text":"Was macht ein Client, wenn er UDP-Datagramme zu senden hat?","correctIndex":0, "difficulty": "HARD"},
  {"textForPhoneJoker":"weil HTTP eine zuverlaessige Zustellung erfordert","answers":["um die schnellstmoegliche Download-Geschwindigkeit zu gewaehrleisten ","weil HTTP ein Best-Effort-Protokoll ist ","weil uebertragungsfehler leicht toleriert werden koennen ","weil HTTP eine zuverlaessige Zustellung erfordert* "],"text":"Warum verwendet HTTP TCP als Transportschichtprotokoll?","correctIndex":3, "difficulty": "HARD"},
  {"textForPhoneJoker":"SMTP","answers":["SNMP","TFTP","DHCP","SMTP"],"text":"Welches Protokolls der Anwendungsschicht verwendet TCP ? ","correctIndex":3, "difficulty": "HARD"}
]