[
  {
    "textForPhoneJoker":"Wenn ich eine Exception vergesse wundere ich mich immer wieder wieso das Programm sich beendet.",
    "answers":[
      "Das Programm laeuft weiter",
      "Das Programm stuerzt ab",
      "Das Programm wird angehalten bis der Fehler behoben wurde",
      "Nichts"
    ],
    "text":"Was passiert wenn eine Exception nicht aufgefangen wird?",
    "correctIndex":1
  },
  {
    "textForPhoneJoker":"'Post' ist eine Preposition und bedeutet 'nach', daher denke ich das das Bearbeiten am Ende macht",
    "answers":[
      "Bearbeiten, Rechts, Links",
      "Bearbeiten, Links, Rechts",
      "Links, Bearbeiten, Rechts",
      "Links, Rechts, Bearbeiten"
    ],
    "text":"Wie lautet die korrekte Reihenfolge der Postorder Traversierung?",
    "correctIndex":3
  }, 
  {
    "textForPhoneJoker":"Beim Testen sollten Funktionung und Klassen nur eine Sache erledigen, daher Single responsibility principle",
    "answers":[
      "Sourced responsibility practice",
      "Segmented repetition paragraphs",
      "Single responsibility principle",
      "Service Related Problem"
    ],
    "text":"Wofuer steht SRP (Testen)?",
    "correctIndex":2
  }, 
  {
    "textForPhoneJoker":"In einer Schlange(Queue) geht immer die erste Person weiter die sich angestellt hat",
    "answers":[
      "First In First Out",
      "First In Last Out",
      "Last In First Out",
      "Last Out First Out"
    ],
    "text":"Welches Prinzip wird bei einer Queue verwendet?",
    "correctIndex":0
  },
  {
    "textForPhoneJoker":"Mit abstrakte Klassen kann man dafuer sorgen das bestimmte Metoden auf alle Objekt einer Klassen",
    "answers":[
      "Unterklassen duerfen nicht unterschiedlich sein",
      "Erzwingt das verwenden von bestimmten Methoden auf alle unter Klassen",
      "Sorgt fuer Typsicherheit",
      "Implementiert Werte bevor ein Objekt erstellt wird"
    ],
    "text":"Wozu sind abstrakte Klassen gut",
    "correctIndex":1
  },
  {
    "textForPhoneJoker":"Das muss der Quicksort sein, davon habe ich schonmal gehoert",
    "answers":[
      "Bubblesort",
      "Selectionsort",
      "Quicksort",
      "Insertionsort"
    ],
    "text":"Welcher Sortieralgorithmus kommt ohne Rekursion nicht aus?",
    "correctIndex":2
  },
  {
    "textForPhoneJoker":"Dank der Versionsverwaltung konnten wir einen Großen fehler auf unserere Arbeit verhindern da wir eine Alte Version verwenden konnten",
    "answers":[
      "Automatische Erstellung von einer Dokumentation",
      "Planung des Entwicklungprojekt",
      "Generierung von Quellcode",
      "Wiederherstellung aelterer Zwischenstaende der Entwicklung"
    ],
    "text":"Welche Aussage trifft auf ein System zur Versionsverwaltung zu?",
    "correctIndex":3
  }, 
  {
    "textForPhoneJoker":"Von den Antworten kommt nur das Struktogramm in frage fuer mich",
    "answers":[
      "Datenflussplan",
      "Interpreter",
      "Struktogramm",
      "Debugger"
    ],
    "text":"Welches der folgenden Hilfsmittel dient zur Dokumentation einer Programmlogik?",
    "correctIndex":2
  },
  {
    "textForPhoneJoker":"Konstanten koennen nur vom Entwickler geaendert werden",
    "answers":[
      "Enthalten stets eine Gleitkommazahl",
      "Werden waehrend des Compilierens des Programms ignoriert",
      "Koennen zur Laufzeit des Programms veraendert werden",
      "Koennen waehrend der Entwicklung des Programms veraendert werden"
    ],
    "text":"Welche der folgenden Beschreibungen trifft auf Konstanten zu?",
    "correctIndex":3
  },
  {
    "textForPhoneJoker":"Erst planen, dann erstellen, danach testen und am Ende wird das Programm an den Kunden geschickt",
    "answers":[
      "Struktogramm erstellen, Quellcode editieren, Programm kompilieren, Programm testen, Programm ausliefern",
      "Quellcode editieren, Struktogramm erstellen, Programm testen, Programm kompilieren, Programm ausliefern",
      "Programm testen, Quellcode editieren, Programm kompilieren, Struktogramm erstellen, Programm ausliefern",
      "Quellcode editieren, Programm kompilieren, Programm ausliefern, Programm testen, Struktogramm erstellen"
    ],
    "text":"Welche Reihenfolge zur Programmerstellung in sachlogischer Reihenfolge ist korrekt",
    "correctIndex":0
  }  
]
 