[{"textForPhoneJoker":"Ich meine etwas im Bezug auf Qualitaet von Netzwerken","answers":["Ein Protokoll auf Layer 2","Maßnahmen zur Qualitsicherung von Netzwerken ","Ein Protokoll auf Layer 4","Ein Flag im IP-Paket Header"],"text":"Was bedeutet Qos im Zusammenhang mit Netzwerken ? ","correctIndex":1},{"textForPhoneJoker":"Ich weiß es nicht. ","answers":["Transportschicht","Anwenungsschicht","Vermittlungsschicht ","Bituebertragungsshicht"],"text":"Wie heißt die vierte Schicht des ISO\/OSI Modells ? ","correctIndex":0},{"textForPhoneJoker":"SSD ist schon sehr schnell","answers":["SSD","HDD","CACHE","Blue Ray"],"text":"Welcher dieser Datenspeicher ist der schnellste ? ","correctIndex":2},{"textForPhoneJoker":"Linux mein Freund ","answers":["Windows","Linux","iOS","OS\/2"],"text":"Welches dieser Betriebssysteme bildet die technische Grundlage fuer Android ? ","correctIndex":1},{"textForPhoneJoker":"Ich denke Local Area Network ","answers":["Local Area Network ","Local Async Network ","Large Async Network","Large Area Network"],"text":"Was heißt LAN ausgeschrieben ? ","correctIndex":0},{"textForPhoneJoker":"Sorry ich weiß es nicht","answers":["Eine Hardwareadresse","Ein Netzwerkprotokoll","Ein Grafikkartenhersteller","Eine Funkfrequenz"],"text":"Was ist eine MAC Adresse ? ","correctIndex":0},{"textForPhoneJoker":"Ich denke HTTP ","answers":["IP","ICMP","TCP","HTTP"],"text":"Welches Protokoll ist auf der Ebene der Anwendungsschicht ? ","correctIndex":3},{"textForPhoneJoker":"ich denke B muesste es sein ","answers":["Sicherhheit","zu kleiner IPv4 Adressbereich","Geschwindigkeit","klare Darstellung"],"text":"Was ist der Hauptgrund warum IPv6 eingefuehrt wurde ? ","correctIndex":1},{"textForPhoneJoker":"Ich denke D ","answers":["Sicherheit","bessere Kontrollmechanismen","bessere Verfuegbarkeit","Geschwindigkeit"],"text":"Was ist der Vorteil von UDP gegenueber TCP ? ","correctIndex":3},{"textForPhoneJoker":"Ich denke B ","answers":["Kupfer","Glasfaser ","Funk","Stromnetzwerk"],"text":"Welches ist das schnellste uebertragungsmedium ? ","correctIndex":1}]