[{"textForPhoneJoker":"Also es sollte die Wachstumsphase sein, auf jedenfall nicht Reife und Saettigung","answers":["Degeneration","Reife","Wachstum","Saettigung"],"text":"Was ist die zweite Phase des Produktlebenszyklus?","correctIndex":2}
,{"textForPhoneJoker":"Man gewaehrt dem Kunden damit einen Rabatt","answers":["Lieferbedingung","Rabattpolitik","Preispositionierung","Preisdifferenzierung"],"text":"Welche Strategie wendet man an wenn man Kunden am Jahresende einen Bonus gibt?","correctIndex":1}
,{"textForPhoneJoker":"Die Antwort ergibt sich aus der Frage denke ich","answers":["Kaufkraft","Nachfrage","Mangel","Bedarf"],"text":"Teilmenge der Beduerfnisse, die durch das Einkommen abgedeckt werden","correctIndex":3}
,{"textForPhoneJoker":"Antwort A ist fuer den Kaeufer nicht von Belang","answers":["Kostenstruktur des Anbieters","Angebot von Substitutionsguetern","Preis des Produkts","Nutzen des Produkts"],"text":"Welches der folgenden Kriterien ist nicht relevant fuer eine Kaufentscheidung?","correctIndex":0}
,{"textForPhoneJoker":"Oeffentlichkeitsarbeit informiert","answers":["Foerderung von Sportvereinen","Durchfuehrung von regelmaeßigen Sonderpreisaktionen","Platzierung von Artikeln in einer Fernsehsendung","lnformation der Presse"],"text":"Welche der folgenden Maßnahmen gehoert zur oeffentlichkeitsarbeit?","correctIndex":3}
,{"textForPhoneJoker":"Diese Produkte greifen nach den Sternen!","answers":["Stars","Questionmarks","Poor Dogs","Cash Cows"],"text":"Portfolio-Matrix: hohes Marktwachstum und hoher Marktanteil","correctIndex":0}
,{"textForPhoneJoker":"Lohnsteuerklasse 4 fuer so eine Situation wuerde ich sagen.","answers":["Lohnsteuerklasse 1","Lohnsteuerklasse 6","Lohnsteuerklasse 5","Lohnsteuerklasse 4"],"text":"Ideale Lohnsteuerklasse fuer verh. Paare in denen beide Arbeiten","correctIndex":3}
,{"textForPhoneJoker":"Spionage ist generell verboten in der Wirtschaft!","answers":["Beobachtung","Spionage","Testmarkt","Fragebogen"],"text":"KEIN Verfahren zur Informationsgewinnung (Marketing)","correctIndex":1}
,{"textForPhoneJoker":"Der Osten muss nicht mehr aktiv unterstuetzt werden.","answers":["Kirchensteuer","Rentenversicherung","Lohnsteuer","Solidaritaetszuschlag"],"text":"Was entfaellt bei den meisten ab 2021 bei der Gehaltsabrechnung?","correctIndex":3}
,{"textForPhoneJoker":"Antwort D macht keinen Sinn.","answers":["Inhaltsirrtum","Eigenschaftsirrtum","Arglistige Taeuschung und Drohung","Fehlende Zahlung"],"text":"Wann kann ein Vertrag NICHT angefechtet werden?","correctIndex":3}]